Datum;Eroeffnung;Hoch;Tief;Schluss;Volumen
  02.06.2014;109,82;109,83;108,62;108,81;0
  03.06.2014;108,92;108,98;108,33;108,86;0
  04.06.2014;108,24;108,75;107,57;107,58;0
  05.06.2014;107,60;108,25;107,12;108,22;0
  06.06.2014;108,22;108,59;107,72;108,02;0
  09.06.2014;107,94;109,29;107,92;109,09;0
  10.06.2014;109,28;109,49;108,43;108,87;0
  11.06.2014;109,03;109,57;109,00;109,49;0
  12.06.2014;109,83;112,72;109,78;112,67;0
  13.06.2014;113,18;114,06;112,00;112,36;0
  16.06.2014;113,13;113,20;112,34;112,92;0
  17.06.2014;112,64;113,78;112,16;113,39;0
  18.06.2014;113,28;114,50;113,18;114,24;0
  19.06.2014;114,62;115,69;114,16;114,94;0
  20.06.2014;115,01;115,08;114,43;114,73;0
  23.06.2014;115,15;115,63;113,88;114,02;0
  24.06.2014;113,94;114,81;113,55;114,32;0
  25.06.2014;113,92;114,25;113,24;114,13;0
  26.06.2014;113,92;114,17;113,01;113,11;0
  27.06.2014;113,06;113,70;112,90;113,19;0
  30.06.2014;112,94;113,03;112,16;112,35;0
  01.07.2014;112,54;112,82;111,85;112,02;0
  02.07.2014;112,39;112,39;110,91;111,00;0
  03.07.2014;110,98;111,16;110,53;111,06;0
  04.07.2014;111,10;111,27;110,56;110,59;0
  07.07.2014;110,57;110,84;109,86;109,93;0
  08.07.2014;109,93;110,11;108,85;109,07;0
  09.07.2014;109,09;109,13;108,31;108,32;0
  10.07.2014;108,35;109,19;107,97;108,92;0
  11.07.2014;108,89;108,97;106,96;107,17;0
  14.07.2014;107,45;108,10;106,94;107,64;0
  15.07.2014;107,44;107,58;105,59;106,77;0
  16.07.2014;107,00;107,95;106,94;107,12;0
  17.07.2014;107,18;108,59;106,82;108,57;0
  18.07.2014;108,31;108,49;106,94;107,03;0
  21.07.2014;107,35;107,85;106,79;107,73;0
  22.07.2014;107,86;108,39;106,91;106,92;0
  23.07.2014;107,22;108,24;107,03;108,22;0
  24.07.2014;107,99;108,07;106,83;107,21;0
  25.07.2014;107,13;108,45;106,73;108,13;0
  28.07.2014;107,94;108,11;107,01;107,51;0
  29.07.2014;107,48;108,04;107,13;107,49;0
  30.07.2014;107,54;107,85;105,84;106,03;0
  31.07.2014;106,28;106,58;105,43;105,51;0
  01.08.2014;105,97;106,11;104,39;104,65;0
  04.08.2014;104,99;105,70;104,52;105,57;0
  05.08.2014;106,02;106,20;104,73;105,49;0
  06.08.2014;105,44;105,99;105,22;105,32;0
  07.08.2014;105,40;106,53;104,88;106,38;0
  08.08.2014;106,96;107,27;105,34;105,34;0
  11.08.2014;105,67;106,12;105,20;105,22;0
  12.08.2014;105,04;105,07;103,51;103,73;0
  13.08.2014;103,37;105,12;103,26;104,76;0
  14.08.2014;104,59;105,08;101,93;102,17;0
  15.08.2014;102,58;103,65;102,07;103,37;0
  18.08.2014;102,63;102,81;102,10;102,11;0
  19.08.2014;101,86;102,06;101,08;101,54;0
  20.08.2014;101,51;102,36;101,44;102,28;0
  21.08.2014;101,99;102,78;101,21;102,70;0
  22.08.2014;102,61;102,82;102,00;102,11;0
  25.08.2014;102,13;102,79;101,97;102,69;0
  26.08.2014;102,77;103,37;102,35;102,61;0
  27.08.2014;102,74;103,06;102,05;102,55;0
  28.08.2014;102,56;103,19;102,26;102,50;0
  29.08.2014;102,75;103,29;102,62;103,06;0
  01.09.2014;103,24;103,24;102,56;102,62;0
  02.09.2014;102,76;102,79;101,18;101,19;0
  03.09.2014;100,79;103,12;100,44;102,34;0
  04.09.2014;102,70;103,44;102,18;102,31;0
  05.09.2014;102,26;102,84;100,95;101,51;0
  08.09.2014;101,47;101,54;100,04;100,89;0
  09.09.2014;100,64;101,24;99,81;100,02;0
  10.09.2014;100,08;100,16;98,43;98,70;0
  11.09.2014;98,77;99,24;97,49;98,92;0
  12.09.2014;98,70;99,56;97,69;97,80;0
  15.09.2014;97,38;98,39;97,05;97,99;0
  16.09.2014;97,91;99,40;97,45;98,91;0
  17.09.2014;98,94;99,61;98,52;98,71;0
  18.09.2014;98,37;99,14;97,43;97,62;0
  19.09.2014;97,65;98,47;97,19;98,36;0
  22.09.2014;97,91;98,06;96,41;96,88;0
  23.09.2014;97,24;97,58;96,56;96,91;0
  24.09.2014;96,78;97,32;95,62;97,05;0
  25.09.2014;96,83;97,55;96,25;97,10;0
  26.09.2014;96,97;97,49;96,46;96,93;0
  29.09.2014;96,63;97,33;96,28;97,08;0
  30.09.2014;97,25;97,79;94,31;94,84;0
  01.10.2014;95,03;96,20;93,79;94,11;0
  02.10.2014;94,07;94,15;91,59;93,82;0
  03.10.2014;92,26;92,74;91,50;92,09;0
  06.10.2014;91,90;93,21;91,25;92,95;0
  07.10.2014;93,21;93,49;91,95;92,23;0
  08.10.2014;91,44;92,19;91,06;92,05;0
  09.10.2014;91,97;92,19;89,89;89,89;0
  10.10.2014;88,95;90,82;88,95;90,23;0
  13.10.2014;89,42;89,57;88,42;88,67;0
  14.10.2014;88,83;89,27;84,86;86,01;0
  15.10.2014;85,69;85,98;83,37;83,82;0
  16.10.2014;83,14;87,66;82,94;86,15;0
  17.10.2014;86,31;87,32;85,49;86,07;0
  20.10.2014;86,31;86,58;84,41;85,27;0
  21.10.2014;85,39;86,46;85,32;86,35;0
  22.10.2014;86,31;87,03;84,48;84,62;0
  23.10.2014;84,86;87,17;84,14;86,76;0
  24.10.2014;86,55;86,73;85,39;86,34;0
  27.10.2014;86,01;86,24;84,55;85,37;0
  28.10.2014;85,63;86,33;85,10;86,20;0
  29.10.2014;86,49;87,93;86,21;86,80;0
  30.10.2014;86,97;87,04;85,71;86,08;0
  31.10.2014;86,19;86,24;84,61;85,90;0
  03.11.2014;85,53;86,37;84,01;84,17;0
  04.11.2014;84,62;84,62;82,67;83,38;0
  05.11.2014;82,70;84,97;82,21;83,76;0
  06.11.2014;83,60;83,79;82,63;83,44;0
  07.11.2014;82,91;84,39;82,80;83,56;0
  10.11.2014;84,22;85,49;82,61;82,61;0
  11.11.2014;82,70;82,99;81,28;81,99;0
  12.11.2014;81,66;82,39;80,50;80,52;0
  13.11.2014;80,91;80,95;77,31;77,64;0
  14.11.2014;77,28;79,74;76,78;79,57;0
  17.11.2014;78,61;79,42;77,95;79,07;0
  18.11.2014;78,89;79,93;78,21;78,39;0
  19.11.2014;78,50;79,44;78,05;78,15;0
  20.11.2014;78,19;79,94;77,59;79,80;0
  21.11.2014;79,61;81,61;79,07;80,49;0
  24.11.2014;80,57;80,69;79,43;79,45;0
  25.11.2014;79,47;80,44;78,05;78,16;0
  26.11.2014;78,40;78,85;77,31;77,56;0
  27.11.2014;76,53;76,73;71,28;72,85;0
  28.11.2014;71,29;73,40;69,80;70,01;0
  01.12.2014;68,51;73,01;67,55;72,93;0
  02.12.2014;72,06;73,01;70,41;70,96;0
  03.12.2014;70,85;71,44;69,50;69,95;0
  04.12.2014;70,28;70,44;68,88;69,52;0
  05.12.2014;69,73;70,22;68,54;69,08;0
  08.12.2014;68,73;68,87;66,41;66,53;0
  09.12.2014;65,98;67,39;65,74;66,76;0
  10.12.2014;66,51;66,69;63,85;64,71;0
  11.12.2014;64,74;65,36;63,39;63,45;0
  12.12.2014;63,62;63,93;61,68;61,78;0
  15.12.2014;62,74;63,46;60,40;60,62;0
  16.12.2014;60,81;61,24;58,52;59,84;0
  17.12.2014;59,85;63,39;58,73;60,61;0
  18.12.2014;61,27;63,64;59,19;59,81;0
  19.12.2014;59,40;62,65;59,07;62,18;0
  22.12.2014;62,45;62,94;59,87;60,09;0
  23.12.2014;60,07;62,13;59,86;61,30;0
  24.12.2014;61,26;61,61;59,37;60,17;0
  25.12.2014;60,17;60,17;60,17;60,17;0
  26.12.2014;60,10;60,95;59,28;59,69;0
  29.12.2014;59,87;60,42;58,79;58,79;0
  30.12.2014;57,31;58,38;56,75;57,57;0
  31.12.2014;57,13;57,63;55,82;57,56;0
  01.01.2015;57,56;57,56;57,56;57,56;0
  02.01.2015;57,53;57,58;55,48;56,45;0
  05.01.2015;55,34;55,83;52,71;53,07;0
  06.01.2015;53,97;54,00;51,56;52,06;0
  07.01.2015;51,34;52,79;50,67;52,11;0
  08.01.2015;52,32;52,71;50,93;52,16;0
  09.01.2015;52,12;52,25;50,13;51,23;0
  12.01.2015;50,33;50,45;48,45;48,46;0
  13.01.2015;47,27;48,49;46,40;47,89;0
  14.01.2015;46,92;50,36;46,79;49,84;0
  15.01.2015;49,16;52,36;48,09;48,18;0
  16.01.2015;48,49;50,30;48,27;49,98;0
  19.01.2015;50,32;50,33;48,69;48,96;0
  20.01.2015;48,63;49,47;47,80;48,16;0
  21.01.2015;48,29;49,58;48,22;48,76;0
  22.01.2015;49,01;50,44;48,05;48,88;0
  23.01.2015;49,38;49,77;48,60;48,63;0
  26.01.2015;48,12;49,27;47,57;48,14;0
  27.01.2015;47,95;49,96;47,70;49,30;0
  28.01.2015;48,98;49,69;48,33;48,56;0
  29.01.2015;48,62;49,24;48,37;49,10;0
  30.01.2015;48,82;53,04;48,81;52,38;0
  02.02.2015;51,84;55,37;51,46;55,01;0
  03.02.2015;56,27;60,04;56,19;58,08;0
  04.02.2015;58,88;58,92;54,54;55,63;0
  05.02.2015;54,41;58,74;54,26;57,62;0
  06.02.2015;58,83;59,89;58,05;59,04;0
  09.02.2015;58,85;60,34;58,31;58,85;0
  10.02.2015;58,57;59,57;57,20;58,06;0
  11.02.2015;57,59;58,09;55,18;56,42;0
  12.02.2015;56,54;59,91;56,53;59,33;0
  13.02.2015;60,28;61,74;59,69;61,45;0
  16.02.2015;61,53;62,52;60,73;61,64;0
  17.02.2015;62,11;62,99;60,28;62,26;0
  18.02.2015;62,18;62,34;59,25;59,35;0
  19.02.2015;59,49;60,97;57,81;60,21;0
  20.02.2015;60,52;61,13;59,83;60,06;0
  23.02.2015;60,18;60,64;58,37;58,99;0
  24.02.2015;58,58;60,26;58,10;58,58;0
  25.02.2015;58,92;62,10;58,41;61,96;0
  26.02.2015;61,65;62,61;59,66;60,64;0
  27.02.2015;61,57;62,82;60,81;62,21;0
  02.03.2015;62,20;62,30;59,35;59,96;0
  03.03.2015;60,37;61,79;59,84;60,88;0
  04.03.2015;60,57;60,92;59,51;60,44;0
  05.03.2015;61,25;62,09;60,61;61,16;0
  06.03.2015;61,30;61,71;59,69;60,24;0
  09.03.2015;59,93;60,49;58,95;59,15;0
  10.03.2015;58,84;58,86;56,61;56,93;0
  11.03.2015;57,16;58,24;56,37;58,22;0
  12.03.2015;58,39;59,13;56,75;57,16;0
  13.03.2015;57,30;57,39;54,75;54,85;0
  16.03.2015;54,67;55,01;52,66;54,12;0
  17.03.2015;54,02;54,04;52,59;53,30;0
  18.03.2015;53,03;56,82;52,69;56,28;0
  19.03.2015;55,48;55,58;53,92;54,44;0
  20.03.2015;54,34;55,63;53,56;55,16;0
  23.03.2015;54,65;56,19;54,12;55,82;0
  24.03.2015;55,55;56,78;54,85;55,36;0
  25.03.2015;55,00;57,15;54,74;56,47;0
  26.03.2015;58,17;59,75;57,53;58,87;0
  27.03.2015;58,37;58,67;55,95;56,14;0
  30.03.2015;56,08;56,64;55,20;56,46;0
  31.03.2015;55,82;56,07;54,73;55,08;0
  01.04.2015;54,88;57,68;54,70;56,67;0
  02.04.2015;56,77;57,26;54,02;55,22;0
  03.04.2015;56,21;56,21;56,21;56,21;0
  06.04.2015;56,77;59,41;56,76;59,01;0
  07.04.2015;58,80;60,31;58,18;59,57;0
  08.04.2015;59,40;59,74;56,61;57,21;0
  09.04.2015;57,20;59,14;57,14;57,97;0
  10.04.2015;57,83;59,18;57,33;59,10;0
  13.04.2015;58,98;60,57;58,57;59,18;0
  14.04.2015;59,47;60,43;58,98;60,13;0
  15.04.2015;60,28;63,42;60,19;62,87;0
  16.04.2015;63,07;64,85;62,00;63,74;0
  17.04.2015;63,46;64,48;63,15;63,66;0
  20.04.2015;64,10;64,35;62,10;63,51;0
  21.04.2015;63,22;63,46;61,66;61,85;0
  22.04.2015;61,40;63,28;61,39;62,70;0
  23.04.2015;62,80;65,54;62,22;64,74;0
  24.04.2015;64,57;65,78;64,49;65,44;0
  27.04.2015;65,22;65,59;64,42;64,70;0
  28.04.2015;64,13;65,47;63,95;64,53;0
  29.04.2015;64,52;66,69;64,13;65,61;0
  30.04.2015;65,51;66,91;65,40;66,78;0
  01.05.2015;66,72;66,92;65,52;66,53;0
  04.05.2015;66,41;67,31;65,96;67,28;0
  05.05.2015;67,19;69,10;66,92;68,36;0
  06.05.2015;69,03;70,30;68,04;68,13;0
  07.05.2015;68,11;69,15;65,89;66,31;0
  08.05.2015;66,01;66,81;65,02;66,27;0
  11.05.2015;66,26;66,49;65,02;65,68;0
  12.05.2015;65,47;67,81;65,41;67,70;0
  13.05.2015;67,80;68,51;66,87;66,98;0
  14.05.2015;67,12;67,80;66,27;66,70;0
  15.05.2015;66,66;66,99;65,37;66,88;0
  18.05.2015;66,87;67,85;65,92;66,22;0
  19.05.2015;66,16;66,20;63,96;64,34;0
  20.05.2015;64,49;65,15;64,12;64,83;0
  21.05.2015;65,32;66,86;65,15;66,50;0
  22.05.2015;66,40;66,60;65,10;65,55;0
  25.05.2015;65,24;66,21;64,72;65,87;0
  26.05.2015;65,58;65,64;63,28;63,91;0
  27.05.2015;64,14;64,62;61,98;62,34;0
  28.05.2015;62,53;62,94;61,29;62,91;0
  29.05.2015;62,98;65,82;62,70;65,47;0
  01.06.2015;65,15;65,70;64,26;64,91;0
  02.06.2015;64,80;65,80;64,59;65,39;0
  03.06.2015;65,12;65,29;63,50;63,74;0
  04.06.2015;64,46;64,73;62,49;62,79;0
  05.06.2015;62,75;64,09;61,68;63,81;0
  08.06.2015;63,58;64,03;63,03;63,26;0
  09.06.2015;63,48;65,78;63,30;65,62;0
  10.06.2015;66,12;66,93;65,69;66,18;0
  11.06.2015;66,24;66,70;65,22;65,56;0
  12.06.2015;65,39;65,60;64,52;64,69;0
  15.06.2015;64,43;64,75;63,38;63,86;0
  16.06.2015;64,31;64,40;63,43;63,70;0
  17.06.2015;63,79;65,45;62,60;63,75;0
  18.06.2015;63,66;64,95;63,45;64,25;0
  19.06.2015;64,20;64,56;62,34;62,81;0
  22.06.2015;63,10;63,73;62,10;63,32;0
  23.06.2015;63,39;64,88;62,79;64,63;0
  24.06.2015;64,45;65,03;63,02;63,52;0
  25.06.2015;63,51;63,94;62,73;63,32;0
  26.06.2015;63,54;63,58;62,51;63,07;0
  29.06.2015;62,38;62,95;61,35;62,02;0
  30.06.2015;62,03;63,82;61,88;63,30;0
  01.07.2015;62,85;63,34;61,84;62,06;0
  02.07.2015;62,26;63,19;61,78;61,83;0
  03.07.2015;61,86;61,95;60,13;60,55;0
  06.07.2015;59,50;59,90;56,38;57,24;0
  07.07.2015;57,57;58,31;55,60;57,87;0
  08.07.2015;56,78;58,15;56,35;57,59;0
  09.07.2015;58,17;59,48;57,61;58,72;0
  10.07.2015;59,47;59,89;58,14;59,03;0
  13.07.2015;57,71;59,13;57,16;58,21;0
  14.07.2015;57,62;58,96;56,76;58,96;0
  15.07.2015;58,79;58,89;56,94;57,37;0
  16.07.2015;57,39;57,99;56,86;57,03;0
  17.07.2015;57,04;57,34;56,40;57,04;0
  20.07.2015;57,03;57,43;56,34;56,53;0
  21.07.2015;56,52;57,43;56,33;56,96;0
  22.07.2015;56,53;56,87;55,92;56,05;0
  23.07.2015;56,08;56,52;55,10;55,50;0
  24.07.2015;55,50;55,51;54,30;54,58;0
  27.07.2015;54,54;54,88;52,83;52,95;0
  28.07.2015;53,09;54,07;52,30;53,02;0
  29.07.2015;53,14;54,30;52,52;53,60;0
  30.07.2015;53,52;54,36;53,02;53,34;0
  31.07.2015;53,02;53,33;51,62;51,82;0
  03.08.2015;51,65;51,80;49,38;49,65;0
  04.08.2015;49,71;50,44;49,58;50,22;0
  05.08.2015;50,99;51,52;49,58;50,17;0
  06.08.2015;50,28;50,33;49,46;50,33;0
  07.08.2015;50,33;50,61;49,06;49,22;0
  10.08.2015;48,95;51,09;48,94;50,81;0
  11.08.2015;50,78;51,67;49,18;49,82;0
  12.08.2015;49,52;50,52;49,34;50,22;0
  13.08.2015;50,42;50,82;49,25;49,61;0
  14.08.2015;49,59;49,83;48,66;48,75;0
  17.08.2015;48,61;49,43;48,36;48,62;0
  18.08.2015;48,63;49,04;48,26;48,56;0
  19.08.2015;48,54;49,09;46,78;46,92;0
  20.08.2015;46,92;47,34;46,03;46,14;0
  21.08.2015;46,08;46,51;45,09;45,36;0
  24.08.2015;44,27;44,47;42,23;42,57;0
  25.08.2015;43,21;44,46;42,76;43,59;0
  26.08.2015;43,50;43,72;42,84;43,63;0
  27.08.2015;44,13;47,61;44,00;46,85;0
  28.08.2015;48,27;50,96;46,61;49,85;0
  31.08.2015;49,22;54,29;48,25;53,00;0
  01.09.2015;52,71;53,45;48,47;48,54;0
  02.09.2015;48,54;50,99;47,76;50,51;0
  03.09.2015;50,36;52,43;49,90;50,62;0
  04.09.2015;51,05;51,75;50,14;50,18;0
  07.09.2015;50,03;50,26;48,38;48,61;0
  08.09.2015;48,75;50,69;48,64;50,25;0
  09.09.2015;50,69;50,86;48,35;48,35;0
  10.09.2015;48,21;49,89;48,06;49,73;0
  11.09.2015;49,76;49,90;48,12;49,05;0
  14.09.2015;48,67;48,90;47,25;47,46;0
  15.09.2015;47,40;48,16;47,02;48,07;0
  16.09.2015;47,83;50,31;47,78;49,83;0
  17.09.2015;49,90;50,14;48,33;49,24;0
  18.09.2015;49,08;49,74;47,17;47,82;0
  21.09.2015;48,01;48,97;47,62;48,65;0
  22.09.2015;48,42;49,20;47,70;49,17;0
  23.09.2015;48,85;50,24;47,68;47,79;0
  24.09.2015;47,99;48,44;47,40;48,30;0
  25.09.2015;48,55;49,09;47,87;48,32;0
  28.09.2015;48,07;48,38;47,28;47,42;0
  29.09.2015;47,34;48,60;47,31;47,98;0
  30.09.2015;47,96;48,95;47,80;48,54;0
  01.10.2015;48,76;49,82;47,63;48,07;0
  02.10.2015;48,08;48,49;46,93;48,26;0
  05.10.2015;48,40;49,84;48,23;49,24;0
  06.10.2015;50,02;52,78;49,48;52,64;0
  07.10.2015;53,13;53,57;51,70;52,17;0
  08.10.2015;51,87;53,85;51,76;53,57;0
  09.10.2015;54,09;54,35;52,51;52,91;0
  12.10.2015;53,24;53,61;50,18;50,72;0
  13.10.2015;50,53;51,12;49,34;49,68;0
  14.10.2015;49,81;49,99;49,20;49,50;0
  15.10.2015;49,77;50,27;48,70;50,16;0
  16.10.2015;50,29;50,67;49,33;50,37;0
  19.10.2015;50,18;50,33;48,57;48,94;0
  20.10.2015;48,71;49,18;48,22;48,48;0
  21.10.2015;48,50;48,61;47,54;47,92;0
  22.10.2015;48,13;48,69;47,66;48,18;0
  23.10.2015;48,45;48,64;47,46;48,08;0
  26.10.2015;47,99;48,31;47,31;47,44;0
  27.10.2015;47,23;47,48;46,41;46,99;0
  28.10.2015;46,81;49,23;46,62;49,04;0
  29.10.2015;48,73;49,37;48,17;48,58;0
  30.10.2015;48,53;49,99;48,29;49,47;0
  02.11.2015;49,60;49,65;48,61;48,77;0
  03.11.2015;48,68;50,90;48,46;50,23;0
  04.11.2015;51,20;51,62;49,30;49,65;0
  05.11.2015;49,48;49,77;48,72;48,90;0
  06.11.2015;49,05;49,34;48,05;48,43;0
  09.11.2015;48,51;49,13;47,77;48,07;0
  10.11.2015;48,01;48,51;47,67;47,73;0
  11.11.2015;47,76;48,36;46,43;46,70;0
  12.11.2015;46,80;47,02;45,07;45,17;0
  13.11.2015;45,33;45,94;44,16;44,47;0
  16.11.2015;44,75;45,16;43,16;44,85;0
  17.11.2015;44,67;45,09;43,50;43,98;0
  18.11.2015;43,94;44,73;43,34;44,29;0
  19.11.2015;44,50;44,75;43,71;44,27;0
  20.11.2015;44,23;45,49;44,06;44,44;0
  23.11.2015;43,84;45,71;43,58;45,14;0
  24.11.2015;45,06;46,49;45,05;45,94;0
  25.11.2015;46,30;46,31;45,03;46,24;0
  26.11.2015;46,01;46,09;45,00;45,61;0
  27.11.2015;45,18;45,52;44,79;44,88;0
  30.11.2015;44,66;45,74;44,44;44,57;0
  01.12.2015;44,80;45,17;44,03;44,28;0
  02.12.2015;44,18;44,60;42,44;42,66;0
  03.12.2015;43,09;44,66;42,92;44,06;0
  04.12.2015;43,79;44,80;42,68;43,22;0
  07.12.2015;43,24;43,49;41,10;41,17;0
  08.12.2015;41,41;41,82;40,20;40,83;0
  09.12.2015;41,17;41,73;39,80;40,44;0
  10.12.2015;40,83;40,94;39,82;39,98;0
  11.12.2015;39,98;40,12;37,72;38,06;0
  14.12.2015;38,17;38,66;36,75;38,04;0
  15.12.2015;38,08;39,68;37,82;38,35;0
  16.12.2015;38,36;38,42;37,20;37,59;0
  17.12.2015;37,21;37,92;36,80;36,97;0
  18.12.2015;37,13;37,71;36,41;36,59;0
  21.12.2015;36,39;36,75;36,04;36,20;0
  22.12.2015;36,47;36,71;35,99;36,37;0
  23.12.2015;36,49;37,87;36,37;37,78;0
  24.12.2015;37,64;38,09;36,95;37,92;0
  25.12.2015;37,92;37,92;37,92;37,92;0
  28.12.2015;37,71;37,71;36,42;36,44;0
  29.12.2015;36,70;37,97;36,61;37,37;0
  30.12.2015;37,40;37,50;36,35;36,69;0
  31.12.2015;36,65;37,94;36,10;37,59;0
  01.01.2016;37,59;37,59;37,59;37,59;0
  04.01.2016;37,93;38,98;36,80;37,75;0
  05.01.2016;37,62;37,76;36,70;37,05;0
  06.01.2016;36,91;36,96;34,52;34,85;0
  07.01.2016;33,27;35,07;32,55;34,14;0
  08.01.2016;34,92;35,04;33,18;33,73;0
  11.01.2016;32,90;33,73;31,55;31,69;0
  12.01.2016;30,93;32,67;30,56;30,79;0
  13.01.2016;31,14;31,82;29,96;30,24;0
  14.01.2016;30,35;31,18;29,98;31,02;0
  15.01.2016;30,26;30,48;28,85;29,11;0
  18.01.2016;28,32;29,56;28,06;28,74;0
  19.01.2016;29,19;30,23;28,61;28,79;0
  20.01.2016;28,90;29,21;27,83;28,52;0
  21.01.2016;28,45;30,41;28,02;30,14;0
  22.01.2016;31,23;32,95;30,86;32,73;0
  25.01.2016;33,14;33,15;30,85;30,97;0
  26.01.2016;30,46;33,49;30,13;31,83;0
  27.01.2016;32,22;34,31;31,61;33,73;0
  28.01.2016;33,45;36,72;33,45;35,43;0
  29.01.2016;35,49;36,16;34,58;35,90;0
  01.02.2016;35,27;36,05;33,93;34,09;0
  02.02.2016;33,65;33,98;32,25;32,52;0
  03.02.2016;32,55;35,49;32,55;35,49;0
  04.02.2016;35,63;35,77;34,17;34,40;0
  05.02.2016;34,32;35,12;33,82;34,14;0
  08.02.2016;34,33;34,66;32,78;33,20;0
  09.02.2016;32,84;33,55;30,29;30,78;0
  10.02.2016;30,83;31,86;30,35;30,99;0
  11.02.2016;30,73;31,34;29,94;31,07;0
  12.02.2016;31,45;33,43;30,88;32,67;0
  15.02.2016;33,28;34,02;32,81;33,97;0
  16.02.2016;34,87;35,53;31,93;32,31;0
  17.02.2016;32,15;34,97;31,82;34,93;0
  18.02.2016;35,24;36,29;34,39;34,66;0
  19.02.2016;34,66;35,01;33,34;33,69;0
  22.02.2016;34,09;35,55;34,02;35,19;0
  23.02.2016;34,80;35,63;33,73;34,06;0
  24.02.2016;33,68;35,29;33,10;35,06;0
  25.02.2016;34,73;36,11;33,88;35,51;0
  26.02.2016;35,54;37,25;35,26;35,45;0
  29.02.2016;35,51;36,73;35,09;36,67;0
  01.03.2016;36,86;37,23;35,96;36,63;0
  02.03.2016;36,89;37,33;36,10;37,06;0
  03.03.2016;36,73;37,34;36,36;36,99;0
  04.03.2016;37,25;38,94;36,83;38,88;0
  07.03.2016;39,32;41,03;38,88;40,77;0
  08.03.2016;40,37;41,47;39,31;39,53;0
  09.03.2016;39,92;41,10;39,69;40,76;0
  10.03.2016;40,75;40,97;39,64;40,21;0
  11.03.2016;40,78;41,02;40,02;40,35;0
  14.03.2016;40,23;40,27;38,84;39,72;0
  15.03.2016;39,08;39,15;38,33;38,97;0
  16.03.2016;39,06;40,42;38,83;40,18;0
  17.03.2016;40,58;41,59;40,46;41,40;0
  18.03.2016;41,52;42,53;41,07;41,47;0
  21.03.2016;41,54;42,54;41,13;42,11;0
  22.03.2016;42,19;42,59;41,91;42,49;0
  31.03.2016;39,90;40,88;39,78;40,11;0
  01.04.2016;40,33;40,88;38,97;39,11;0
  04.04.2016;38,71;39,30;36,48;37,97;0
  05.04.2016;37,49;37,86;37,24;37,59;0
  06.04.2016;38,45;39,88;38,39;39,65;0
  07.04.2016;40,23;40,23;38,66;39,15;0
  08.04.2016;40,10;41,98;40,10;41,56;0
  11.04.2016;41,70;43,02;41,42;42,58;0
  12.04.2016;42,70;44,71;42,70;44,52;0
  13.04.2016;43,89;44,93;43,82;44,54;0
  14.04.2016;43,41;44,61;43,34;44,10;0
  15.04.2016;43,89;44,08;42,37;43,28;0
  18.04.2016;40,99;43,36;40,97;42,85;0
  19.04.2016;43,72;44,50;43,07;43,91;0
  20.04.2016;43,14;45,81;42,83;45,45;0
  21.04.2016;45,63;46,19;44,65;44,79;0
  22.04.2016;45,01;45,84;44,27;45,25;0
  25.04.2016;44,77;45,54;44,25;45,44;0
  26.04.2016;44,75;45,96;44,61;45,73;0
  27.04.2016;46,38;47,03;45,62;46,58;0
  28.04.2016;46,83;48,06;46,80;48,04;0
  29.04.2016;48,21;48,52;47,41;47,78;0
  02.05.2016;46,74;47,30;45,73;45,84;0
  03.05.2016;46,32;46,42;44,61;44,88;0
  04.05.2016;45,11;45,97;44,19;44,40;0
  05.05.2016;45,65;46,74;44,61;44,85;0
  06.05.2016;44,70;46,10;44,16;45,51;0
  09.05.2016;45,87;46,26;43,58;43,86;0
  10.05.2016;44,26;45,36;43,79;45,30;0
  11.05.2016;45,18;47,45;44,80;47,35;0
  12.05.2016;47,62;48,10;46,79;47,88;0
  13.05.2016;47,63;48,11;47,25;47,84;0
  17.05.2016;49,30;49,57;48,56;48,96;0
  18.05.2016;49,31;49,80;48,85;49,52;0
  19.05.2016;48,24;48,67;47,38;48,60;0
  20.05.2016;49,12;49,38;48,06;48,71;0
  23.05.2016;48,25;48,46;47,75;48,23;0
  24.05.2016;47,95;49,09;47,95;48,73;0
  25.05.2016;49,17;49,69;48,89;49,52;0
  26.05.2016;50,24;50,53;49,23;49,69;0
  27.05.2016;49,14;49,46;48,65;49,20;0
  30.05.2016;49,09;49,83;48,88;49,66;0
  31.05.2016;49,53;50,06;49,22;49,76;0
  01.06.2016;49,33;49,98;48,63;49,54;0
  02.06.2016;49,75;50,28;48,81;49,96;0
  03.06.2016;50,21;50,33;49,27;49,45;0
  06.06.2016;49,98;50,83;49,94;50,25;0
  07.06.2016;50,52;51,31;50,41;51,14;0
  08.06.2016;51,38;52,55;51,28;52,38;0
  09.06.2016;52,61;52,61;51,52;52,02;0
  10.06.2016;51,45;51,57;50,57;50,76;0
  13.06.2016;49,92;50,77;49,58;50,11;0
  14.06.2016;49,93;50,05;49,47;49,62;0
  15.06.2016;49,41;49,79;48,64;49,25;0
  16.06.2016;48,44;48,53;47,05;47,46;0
  17.06.2016;47,71;48,89;47,71;48,71;0
  20.06.2016;49,79;50,57;49,69;50,41;0
  21.06.2016;50,19;50,41;49,44;50,19;0
  22.06.2016;51,02;51,26;49,14;49,40;0
  23.06.2016;50,06;50,91;49,98;50,54;0
  24.06.2016;48,36;49,16;47,98;48,67;0
  27.06.2016;48,84;48,93;46,66;46,80;0
  28.06.2016;47,91;48,56;47,51;48,28;0
  29.06.2016;48,91;50,25;48,59;50,19;0
  30.06.2016;50,10;50,31;49,44;49,71;0
  01.07.2016;50,01;50,17;49,21;49,90;0
  04.07.2016;50,61;50,74;50,00;50,10;0
  05.07.2016;49,58;49,58;47,52;47,73;0
  06.07.2016;48,04;48,71;47,16;48,62;0
  07.07.2016;48,99;49,59;46,16;46,62;0
  08.07.2016;46,78;47,22;46,11;46,78;0
  11.07.2016;46,41;47,10;45,87;46,32;0
  12.07.2016;46,50;48,58;46,44;48,33;0
  13.07.2016;47,64;48,16;46,15;46,23;0
  14.07.2016;46,81;47,44;46,34;47,23;0
  15.07.2016;46,85;48,05;46,62;47,68;0
  18.07.2016;47,61;47,83;46,45;46,92;0
  19.07.2016;46,90;47,51;46,52;46,76;0
  20.07.2016;46,61;47,52;45,88;47,21;0
  21.07.2016;47,46;47,53;46,25;46,54;0
  22.07.2016;45,88;46,47;45,16;45,26;0
  25.07.2016;45,67;45,67;44,53;44,70;0
  26.07.2016;44,89;44,94;44,13;44,77;0
  27.07.2016;44,63;44,93;43,37;43,57;0
  28.07.2016;43,47;43,59;42,53;42,68;0
  29.07.2016;42,41;42,47;41,76;42,30;0
  01.08.2016;43,53;43,60;41,85;42,00;0
  02.08.2016;42,41;43,17;41,46;41,67;0
  03.08.2016;41,69;43,29;41,59;43,04;0
  04.08.2016;43,08;44,33;42,49;44,20;0
  05.08.2016;44,05;44,49;43,48;43,95;0
  08.08.2016;44,46;45,68;44,38;45,62;0
  09.08.2016;44,88;45,77;44,77;45,02;0
  10.08.2016;44,64;45,65;44,08;44,29;0
  11.08.2016;43,95;46,33;43,42;46,06;0
  12.08.2016;46,15;46,99;45,71;46,86;0
  15.08.2016;47,33;48,25;46,80;48,20;0
  16.08.2016;47,97;49,18;47,88;48,95;0
  17.08.2016;48,89;49,77;48,55;49,49;0
  18.08.2016;49,94;50,94;49,56;50,91;0
  19.08.2016;51,16;51,18;50,29;50,71;0
  22.08.2016;49,92;50,16;49,16;49,35;0
  23.08.2016;48,86;50,16;48,47;49,96;0
  24.08.2016;49,14;49,87;48,66;49,04;0
  25.08.2016;49,08;49,68;48,65;49,41;0
  26.08.2016;49,52;50,76;49,10;49,71;0
  29.08.2016;49,09;49,57;48,96;49,39;0
  30.08.2016;49,67;49,67;48,23;48,37;0
  31.08.2016;48,30;48,33;46,90;46,99;0
  01.09.2016;47,11;47,24;45,52;45,54;0
  02.09.2016;45,51;46,97;45,38;46,85;0
  05.09.2016;47,06;49,38;46,99;47,61;0
  06.09.2016;47,78;47,83;46,26;47,13;0
  07.09.2016;47,78;48,09;46,95;47,83;0
  08.09.2016;48,83;49,94;48,19;49,87;0
  09.09.2016;49,37;49,54;47,96;48,11;0
  12.09.2016;47,18;48,61;46,86;48,32;0
  13.09.2016;47,77;47,97;47,02;47,25;0
  14.09.2016;47,20;47,49;46,02;46,22;0
  15.09.2016;46,09;46,96;45,64;46,68;0
  16.09.2016;46,19;46,34;45,48;45,88;0
  19.09.2016;46,55;46,93;45,90;46,13;0
  20.09.2016;45,83;46,31;45,08;45,71;0
  21.09.2016;46,53;47,10;46,37;46,73;0
  22.09.2016;47,26;47,84;47,03;47,45;0
  23.09.2016;47,27;48,26;45,71;45,84;0
  26.09.2016;45,95;47,67;45,71;47,42;0
  27.09.2016;46,93;47,08;45,60;45,92;0
  28.09.2016;46,17;47,63;45,71;47,55;0
  29.09.2016;48,39;49,83;47,95;49,12;0
  30.09.2016;48,75;49,28;48,18;49,09;0
  04.10.2016;50,53;51,36;50,31;51,00;0
  05.10.2016;51,36;52,09;51,28;51,88;0
  06.10.2016;51,57;52,65;51,30;52,51;0
  07.10.2016;52,76;52,87;51,37;51,82;0
  10.10.2016;51,77;53,75;51,59;53,22;0
  11.10.2016;53,15;53,27;52,11;52,29;0
  12.10.2016;52,83;52,88;51,57;51,87;0
  13.10.2016;51,43;52,15;50,92;52,06;0
  14.10.2016;52,40;52,53;51,46;51,60;0
  17.10.2016;51,55;52,26;51,13;51,38;0
  18.10.2016;51,89;52,07;51,24;51,55;0
  19.10.2016;52,24;53,13;52,10;52,86;0
  20.10.2016;52,30;52,39;51,25;51,35;0
  21.10.2016;51,32;51,90;51,16;51,69;0
  24.10.2016;51,82;52,02;50,48;50,95;0
  25.10.2016;51,50;51,84;50,57;50,99;0
  26.10.2016;50,34;50,71;49,63;49,87;0
  27.10.2016;49,98;50,90;49,85;50,59;0
  28.10.2016;50,35;50,53;49,46;49,50;0
  31.10.2016;49,65;49,72;47,97;48,32;0
  01.11.2016;49,09;49,15;47,70;48,26;0
  02.11.2016;47,57;47,75;46,48;47,05;0
  03.11.2016;47,16;47,50;45,98;46,39;0
  04.11.2016;46,13;46,56;45,05;45,56;0
  07.11.2016;46,16;46,39;45,37;45,94;0
  08.11.2016;46,31;46,69;45,59;46,30;0
  09.11.2016;45,37;46,94;45,34;46,30;0
  10.11.2016;46,79;46,86;45,66;45,97;0
  11.11.2016;45,61;45,84;44,19;44,70;0
  14.11.2016;44,92;44,99;43,53;44,69;0
  15.11.2016;45,27;46,55;45,06;46,46;0
  16.11.2016;46,71;47,53;46,22;46,83;0
  17.11.2016;46,44;47,60;46,40;46,66;0
  18.11.2016;45,85;46,88;45,74;46,54;0
  21.11.2016;47,59;49,13;47,27;48,99;0
  22.11.2016;49,05;49,97;48,13;48,69;0
  23.11.2016;49,17;49,48;48,52;49,05;0
  24.11.2016;48,80;49,23;48,77;49,01;0
  25.11.2016;48,59;48,66;46,97;47,12;0
  28.11.2016;46,53;48,79;46,51;48,40;0
  29.11.2016;47,86;48,02;45,92;46,51;0
  30.11.2016;47,15;50,45;47,09;50,37;0
  01.12.2016;52,11;54,53;51,50;54,19;0
  02.12.2016;53,57;54,38;52,80;54,18;0
  05.12.2016;54,40;55,34;54,38;54,96;0
  06.12.2016;54,67;54,95;53,48;53,95;0
  07.12.2016;53,61;54,25;53,02;53,37;0
  08.12.2016;52,99;53,97;52,89;53,70;0
  09.12.2016;53,95;54,45;53,79;54,17;0
  12.12.2016;57,18;57,26;55,55;56,02;0
  13.12.2016;55,51;56,44;55,17;55,68;0
  14.12.2016;55,18;55,77;54,51;54,60;0
  15.12.2016;54,07;54,51;53,11;53,96;0
  16.12.2016;54,26;55,30;53,66;55,17;0
  19.12.2016;55,59;55,68;54,71;54,91;0
  20.12.2016;54,96;55,95;54,84;55,30;0
  21.12.2016;55,78;55,88;54,30;54,38;0
  22.12.2016;54,65;55,25;54,02;55,06;0
  23.12.2016;54,59;55,26;54,22;55,13;0
  27.12.2016;55,34;56,15;55,04;56,06;0
  28.12.2016;56,37;56,57;55,84;56,44;0
  29.12.2016;56,49;56,58;55,87;55,91;0
  30.12.2016;57,15;57,21;56,54;56,71;0
  03.01.2017;57,07;58,38;55,36;55,65;0
  04.01.2017;56,01;56,52;55,34;56,43;0
  05.01.2017;56,31;57,36;55,98;56,70;0
  06.01.2017;56,71;57,49;56,28;56,91;0
  09.01.2017;56,61;56,71;55,24;55,38;0
  10.01.2017;55,29;55,37;53,85;53,88;0
  11.01.2017;53,80;55,68;53,69;55,47;0
  12.01.2017;55,22;56,44;55,09;56,15;0
  13.01.2017;56,02;56,10;55,24;55,47;0
  16.01.2017;55,33;55,92;55,16;55,67;0
  17.01.2017;55,77;56,95;55,58;56,06;0
  18.01.2017;55,62;55,92;54,04;54,27;0
  19.01.2017;54,56;54,77;53,87;54,29;0
  20.01.2017;54,46;55,83;54,32;55,44;0
  23.01.2017;55,47;55,53;54,61;55,47;0
  24.01.2017;55,52;55,88;55,05;55,43;0
  25.01.2017;55,00;55,66;54,74;55,21;0
  26.01.2017;55,48;56,55;55,20;56,18;0
  27.01.2017;56,30;56,49;54,85;55,15;0
  30.01.2017;55,42;55,72;54,91;55,43;0
  31.01.2017;55,09;56,00;54,86;55,77;0
  01.02.2017;55,56;56,72;55,32;56,50;0
  02.02.2017;56,96;57,43;56,32;56,80;0
  03.02.2017;56,92;57,27;56,36;56,67;0
  06.02.2017;56,92;57,00;55,61;55,80;0
  07.02.2017;55,48;55,68;54,70;54,83;0
  08.02.2017;54,60;55,68;54,49;55,15;0
  09.02.2017;55,51;55,93;55,32;55,68;0
  10.02.2017;55,71;56,87;55,56;56,70;0
  13.02.2017;56,50;56,62;55,38;55,51;0
  14.02.2017;55,59;56,46;55,55;56,07;0
  15.02.2017;55,77;56,24;55,52;55,80;0
  16.02.2017;55,64;56,26;55,11;55,80;0
  17.02.2017;55,80;55,83;55,08;55,55;0
  20.02.2017;56,04;56,45;55,99;56,09;0
  21.02.2017;56,57;57,31;56,47;56,82;0
  22.02.2017;56,57;56,64;55,60;55,85;0
  23.02.2017;56,41;57,25;56,33;56,51;0
  24.02.2017;56,36;56,40;55,71;56,05;0
  27.02.2017;56,43;56,78;56,00;56,00;0
  28.02.2017;55,80;56,03;55,17;55,57;0
  01.03.2017;56,43;57,03;56,26;56,45;0
  02.03.2017;56,25;56,46;55,08;55,18;0
  03.03.2017;55,24;55,87;55,08;55,63;0
  06.03.2017;55,50;56,25;55,39;55,95;0
  07.03.2017;55,95;56,65;55,81;55,90;0
  08.03.2017;55,57;55,77;54,50;54,52;0
  09.03.2017;53,77;53,83;51,52;51,66;0
  10.03.2017;52,30;53,01;51,13;51,58;0
  13.03.2017;51,29;51,69;50,88;51,31;0
  14.03.2017;51,32;51,85;50,23;50,88;0
  15.03.2017;51,72;52,02;51,34;51,85;0
  16.03.2017;52,51;52,63;51,47;51,70;0
  17.03.2017;51,67;52,12;51,57;51,64;0
  20.03.2017;51,51;51,93;51,00;51,66;0
  21.03.2017;52,00;52,21;50,73;51,03;0
  22.03.2017;50,65;50,96;49,74;50,69;0
  23.03.2017;50,79;51,11;50,22;50,65;0
  24.03.2017;50,63;51,00;50,39;50,90;0
  27.03.2017;50,42;50,85;50,00;50,66;0
  28.03.2017;50,98;51,89;50,92;51,34;0
  29.03.2017;51,64;52,34;51,36;52,32;0
  30.03.2017;52,42;53,10;51,99;52,89;0
  31.03.2017;52,83;52,94;52,35;52,72;0
  03.04.2017;53,52;53,74;53,02;53,26;0
  04.04.2017;52,92;54,25;52,72;54,10;0
  05.04.2017;54,56;55,10;54,04;54,37;0
  06.04.2017;54,26;55,02;54,12;54,91;0
  07.04.2017;55,54;55,88;54,64;55,26;0
  10.04.2017;55,57;55,96;55,48;55,84;0
  11.04.2017;55,78;56,14;55,45;55,99;0
  12.04.2017;56,42;56,66;55,68;55,96;0
  13.04.2017;55,84;56,08;55,52;55,65;0
  18.04.2017;55,34;55,47;54,59;55,12;0
  19.04.2017;54,79;55,21;53,06;53,15;0
  20.04.2017;53,31;53,56;52,66;53,01;0
  21.04.2017;53,05;53,30;51,53;51,87;0
  24.04.2017;52,30;52,58;51,41;51,61;0
  25.04.2017;51,77;51,97;51,29;51,89;0
  26.04.2017;51,98;52,44;51,39;51,97;0
  27.04.2017;51,56;51,62;50,44;51,37;0
  28.04.2017;51,79;51,98;51,28;51,65;0
  02.05.2017;51,56;52,18;50,15;50,53;0
  03.05.2017;50,84;51,15;50,18;50,60;0
  04.05.2017;50,46;50,58;48,31;48,42;0
  05.05.2017;47,67;49,63;47,39;48,97;0
  08.05.2017;49,55;49,63;48,45;49,05;0
  09.05.2017;49,39;49,74;48,38;48,92;0
  10.05.2017;48,88;50,64;48,88;50,56;0
  11.05.2017;50,64;51,17;50,45;50,81;0
  12.05.2017;50,95;51,09;50,33;50,67;0
  15.05.2017;51,79;52,61;51,71;52,13;0
  16.05.2017;51,84;52,37;51,57;51,68;0
  17.05.2017;51,34;52,60;51,23;52,29;0
  18.05.2017;52,01;52,74;51,10;52,54;0
  19.05.2017;52,93;53,74;52,84;53,52;0
  22.05.2017;53,93;54,39;53,65;53,89;0
  23.05.2017;53,47;54,18;53,19;54,09;0
  24.05.2017;54,25;54,63;53,66;53,92;0
  25.05.2017;54,36;54,66;51,33;51,74;0
  26.05.2017;51,79;52,13;50,67;52,05;0
  29.05.2017;52,21;52,61;51,83;52,22;0
  30.05.2017;51,98;52,07;51,16;51,81;0
  31.05.2017;51,37;51,47;49,76;50,26;0
  01.06.2017;51,41;51,46;50,44;51,20;0
  02.06.2017;49,93;50,36;48,93;50,12;0
  05.06.2017;50,22;50,35;49,02;49,51;0
  06.06.2017;49,52;49,93;49,06;49,80;0
  07.06.2017;49,96;50,04;48,07;48,26;0
  08.06.2017;48,52;48,59;47,55;47,99;0
  09.06.2017;47,70;48,53;47,40;48,19;0
  12.06.2017;48,11;49,15;48,06;48,51;0
  13.06.2017;48,43;48,75;47,84;48,50;0
  14.06.2017;48,36;48,66;46,75;46,98;0
  15.06.2017;46,99;47,20;46,66;46,84;0
  16.06.2017;47,09;47,63;47,03;47,20;0
  19.06.2017;47,25;47,77;46,94;47,07;0
  20.06.2017;47,11;47,22;45,44;45,93;0
  21.06.2017;45,65;46,57;44,36;44,47;0
  22.06.2017;44,66;45,78;44,55;45,30;0
  23.06.2017;45,22;45,74;45,02;45,42;0
  26.06.2017;45,96;46,23;45,04;45,71;0
  27.06.2017;46,16;47,07;46,03;46,57;0
  28.06.2017;46,39;47,36;46,24;47,33;0
  29.06.2017;47,77;48,03;47,12;47,34;0
  03.07.2017;48,90;49,59;48,52;49,40;0
  04.07.2017;49,44;49,92;49,32;49,65;0
  05.07.2017;49,61;49,81;47,81;47,86;0
  06.07.2017;48,30;49,18;47,76;47,93;0
  07.07.2017;47,51;47,63;46,27;46,75;0
  10.07.2017;46,76;47,37;46,08;47,03;0
  11.07.2017;47,12;47,80;46,27;47,43;0
  12.07.2017;48,15;48,68;47,34;48,09;0
  13.07.2017;47,65;48,52;47,15;48,25;0
  14.07.2017;48,42;49,07;48,13;48,87;0
  17.07.2017;48,97;49,25;48,46;48,58;0
  18.07.2017;48,31;49,42;48,23;48,65;0
  19.07.2017;48,63;49,77;48,55;49,76;0
  21.07.2017;49,38;49,67;48,08;48,13;0
  24.07.2017;48,00;48,75;47,65;48,60;0
  25.07.2017;48,84;50,14;48,68;49,93;0
  26.07.2017;50,68;51,04;50,07;50,76;0
  27.07.2017;50,92;51,59;50,47;51,48;0
  28.07.2017;51,48;52,69;51,39;52,32;0
  31.07.2017;52,75;52,87;52,16;52,45;0
  01.08.2017;52,87;52,96;50,85;51,49;0
  02.08.2017;51,41;52,33;51,18;52,06;0
  03.08.2017;52,06;52,89;51,85;52,20;0
  04.08.2017;51,81;52,55;51,39;52,20;0
  07.08.2017;52,10;52,26;51,37;52,11;0
  08.08.2017;52,25;52,72;51,79;52,10;0
  10.08.2017;53,00;53,64;51,92;52,07;0
  11.08.2017;51,62;51,91;51,27;51,63;0
  14.08.2017;51,89;52,36;50,90;50,97;0
  15.08.2017;50,76;50,90;50,02;50,72;0
  16.08.2017;51,11;51,33;50,21;50,35;0
  17.08.2017;50,39;51,00;49,96;50,89;0
  18.08.2017;51,13;52,75;50,76;52,66;0
  22.08.2017;51,92;52,27;51,35;51,80;0
  28.08.2017;52,45;52,78;51,49;51,58;0
  29.08.2017;52,13;52,17;51,35;51,73;0
  30.08.2017;51,89;52,04;50,68;50,89;0
  31.08.2017;50,71;52,44;50,50;52,29;0
  01.09.2017;52,62;52,95;52,20;52,57;0
  04.09.2017;52,34;52,80;51,94;52,21;0
  05.09.2017;52,17;53,66;52,11;53,32;0
  06.09.2017;53,44;54,29;53,37;54,01;0
  07.09.2017;54,02;54,69;53,89;54,35;0
  08.09.2017;54,74;54,88;53,60;53,77;0
  11.09.2017;54,05;54,07;53,03;53,65;0
  12.09.2017;53,75;54,43;53,41;54,17;0
  13.09.2017;54,09;55,21;54,01;55,08;0
  14.09.2017;55,01;56,00;54,96;55,59;0
  15.09.2017;55,27;55,87;54,83;55,45;0
  18.09.2017;55,88;55,94;54,78;55,53;0
  19.09.2017;55,53;55,91;54,85;55,04;0
  20.09.2017;55,47;56,48;55,23;56,38;0
  21.09.2017;56,08;56,49;55,74;56,38;0
  22.09.2017;56,59;56,89;56,20;56,75;0
  25.09.2017;56,75;58,90;56,66;58,84;0
  26.09.2017;58,64;58,88;57,75;58,16;0
  27.09.2017;58,81;58,84;57,52;57,68;0
  28.09.2017;57,55;58,63;56,85;57,43;0
  29.09.2017;57,42;57,81;57,12;57,34;0
  02.10.2017;56,66;56,72;55,48;56,07;0
  03.10.2017;55,69;55,87;55,69;55,80;0
  04.10.2017;55,74;56,22;55,36;55,77;0
  05.10.2017;55,88;57,25;55,82;56,86;0
  06.10.2017;56,87;57,27;55,11;55,73;0
  09.10.2017;55,67;55,95;55,04;55,92;0
  10.10.2017;55,85;56,93;55,77;56,69;0
  11.10.2017;56,67;57,10;56,09;56,81;0
  12.10.2017;56,50;56,84;55,85;56,28;0
  13.10.2017;57,19;57,58;56,62;56,76;0
  16.10.2017;57,84;58,49;57,50;57,71;0
  17.10.2017;57,73;58,35;57,13;57,71;0
  18.10.2017;58,18;58,55;57,69;57,98;0
  19.10.2017;58,06;58,14;57,01;57,25;0
  20.10.2017;57,07;57,75;56,56;57,53;0
  23.10.2017;57,81;58,04;57,26;57,48;0
  24.10.2017;57,47;58,31;57,00;58,30;0
  25.10.2017;58,34;58,74;57,84;58,16;0
 